{
  "adaptive": {
    "final_target_error_px": 26.821257940920596,
    "mean_target_error_px": 28.373027727000622,
    "tail_mean_target_error_px": 23.625027493991173,
    "tail_max_target_error_px": 50.405476503595544,
    "max_target_error_px": 312.0423986685513,
    "tail_success_fraction": 0.712,
    "min_clearance_px": 1000000.0,
    "collision_count": 0.0,
    "saturation_fraction": 0.004332611231461423,
    "final_q_error_norm_rad": 0.14213126054163178,
    "tail_mean_q_error_norm_rad": 0.15522318987581832,
    "final_sliding_norm": 0.4975158313145231,
    "tail_mean_sliding_norm": 0.3425956670847291,
    "max_sliding_norm": 2.2685731956784094,
    "rms_torque": 30.26757186283796,
    "rms_external_torque": 34.745515735840456,
    "max_external_torque": 44.517735176988666,
    "tracking_lyapunov_initial": 0.0,
    "tracking_lyapunov_final": 0.04705222955079947,
    "tracking_lyapunov_tail_mean": 0.025315094140558138,
    "augmented_lyapunov_initial": 384.24242424242425,
    "augmented_lyapunov_final": 60.97387916671964,
    "augmented_lyapunov_drop_fraction": 0.8413140368689472,
    "augmented_lyapunov_positive_step_count": 2083.0,
    "augmented_lyapunov_max_positive_step": 0.08369612211994593,
    "final_inertia_hat": [
      13.465855768823522,
      10.856025510735583,
      5.432845262482702
    ],
    "final_damping_hat": [
      6.779694699136862,
      8.705858407318289,
      3.2623882617440043
    ],
    "final_bias_hat": [
      14.170479293023403,
      -15.0,
      9.979083492844081
    ],
    "final_inertia_error_norm": 4.634500901434238,
    "final_damping_error_norm": 9.25443786483454,
    "final_bias_error_norm": 11.928074288966618
  },
  "fixed_lyapunov": {
    "final_target_error_px": 171.2222382290383,
    "mean_target_error_px": 132.2647943954183,
    "tail_mean_target_error_px": 124.13619301216784,
    "tail_max_target_error_px": 174.31893143394345,
    "max_target_error_px": 312.0335619755611,
    "tail_success_fraction": 0.0,
    "min_clearance_px": 1000000.0,
    "collision_count": 0.0,
    "saturation_fraction": 0.0,
    "final_q_error_norm_rad": 2.822524439636915,
    "tail_mean_q_error_norm_rad": 2.3852616315302897,
    "final_sliding_norm": 5.510971270654039,
    "tail_mean_sliding_norm": 4.343871708427493,
    "max_sliding_norm": 5.75221933195519,
    "rms_torque": 26.410217920099637,
    "rms_external_torque": 34.745515735840456,
    "max_external_torque": 44.517735176988666,
    "tracking_lyapunov_initial": 0.0,
    "tracking_lyapunov_final": 4.149637238278387,
    "tracking_lyapunov_tail_mean": 3.1174929041172543,
    "augmented_lyapunov_initial": null,
    "augmented_lyapunov_final": null,
    "augmented_lyapunov_drop_fraction": null,
    "augmented_lyapunov_positive_step_count": 0.0,
    "augmented_lyapunov_max_positive_step": 0.0,
    "final_inertia_hat": [
      5.0,
      3.0,
      2.0
    ],
    "final_damping_hat": [
      2.0,
      2.0,
      2.0
    ],
    "final_bias_hat": [
      0.0,
      0.0,
      0.0
    ],
    "final_inertia_error_norm": 15.066519173319364,
    "final_damping_error_norm": 15.7797338380595,
    "final_bias_error_norm": 33.54101966249684
  },
  "plain_pd": {
    "final_target_error_px": 212.9201186932097,
    "mean_target_error_px": 161.2096909546095,
    "tail_mean_target_error_px": 152.01979961250592,
    "tail_max_target_error_px": 236.86146662379537,
    "max_target_error_px": 312.03796346567833,
    "tail_success_fraction": 0.044,
    "min_clearance_px": 1000000.0,
    "collision_count": 0.0,
    "saturation_fraction": 0.0,
    "final_q_error_norm_rad": 3.165860702417203,
    "tail_mean_q_error_norm_rad": 3.1958129532868718,
    "final_sliding_norm": 3.8586182139998995,
    "tail_mean_sliding_norm": 2.8902763471783213,
    "max_sliding_norm": 4.111391721521287,
    "rms_torque": 13.79892354075613,
    "rms_external_torque": 34.745515735840456,
    "max_external_torque": 44.517735176988666,
    "tracking_lyapunov_initial": 0.0,
    "tracking_lyapunov_final": 12.45580425426066,
    "tracking_lyapunov_tail_mean": 9.652894076996652,
    "augmented_lyapunov_initial": null,
    "augmented_lyapunov_final": null,
    "augmented_lyapunov_drop_fraction": null,
    "augmented_lyapunov_positive_step_count": 0.0,
    "augmented_lyapunov_max_positive_step": 0.0,
    "final_inertia_hat": null,
    "final_damping_hat": null,
    "final_bias_hat": null,
    "final_inertia_error_norm": null,
    "final_damping_error_norm": null,
    "final_bias_error_norm": null
  }
}