{
  "adaptive": {
    "final_target_error_px": 26.82125794092057,
    "mean_target_error_px": 28.37302772700061,
    "tail_mean_target_error_px": 23.625027493991155,
    "tail_max_target_error_px": 50.40547650359572,
    "max_target_error_px": 312.0423986685513,
    "tail_success_fraction": 0.712,
    "min_clearance_px": 1000000.0,
    "collision_count": 0.0,
    "saturation_fraction": 0.004332611231461423,
    "final_q_error_norm_rad": 0.142131260541632,
    "tail_mean_q_error_norm_rad": 0.15522318987581815,
    "final_sliding_norm": 0.49751583131452176,
    "tail_mean_sliding_norm": 0.3425956670847288,
    "max_sliding_norm": 2.2685731956784094,
    "rms_torque": 30.267571862837954,
    "rms_external_torque": 34.745515735840456,
    "max_external_torque": 44.517735176988666,
    "tracking_lyapunov_initial": 0.0,
    "tracking_lyapunov_final": 0.04705222955079974,
    "tracking_lyapunov_tail_mean": 0.02531509414055816,
    "augmented_lyapunov_initial": null,
    "augmented_lyapunov_final": null,
    "augmented_lyapunov_drop_fraction": null,
    "augmented_lyapunov_positive_step_count": 0.0,
    "augmented_lyapunov_max_positive_step": 0.0,
    "final_inertia_hat": [
      13.465855768823523,
      10.856025510735574,
      5.4328452624827035
    ],
    "final_damping_hat": [
      6.7796946991368445,
      8.705858407318276,
      3.262388261744002
    ],
    "final_bias_hat": [
      14.170479293023401,
      -15.0,
      9.979083492844083
    ],
    "final_inertia_error_norm": 4.634500901434236,
    "final_damping_error_norm": 9.254437864834557,
    "final_bias_error_norm": 11.92807428896662
  },
  "fixed_lyapunov": {
    "final_target_error_px": 171.22223822903837,
    "mean_target_error_px": 132.26479439541833,
    "tail_mean_target_error_px": 124.13619301216794,
    "tail_max_target_error_px": 174.3189314339435,
    "max_target_error_px": 312.0335619755611,
    "tail_success_fraction": 0.0,
    "min_clearance_px": 1000000.0,
    "collision_count": 0.0,
    "saturation_fraction": 0.0,
    "final_q_error_norm_rad": 2.8225244396369145,
    "tail_mean_q_error_norm_rad": 2.3852616315302893,
    "final_sliding_norm": 5.51097127065404,
    "tail_mean_sliding_norm": 4.343871708427493,
    "max_sliding_norm": 5.752219331955193,
    "rms_torque": 26.410217920099637,
    "rms_external_torque": 34.745515735840456,
    "max_external_torque": 44.517735176988666,
    "tracking_lyapunov_initial": 0.0,
    "tracking_lyapunov_final": 4.149637238278385,
    "tracking_lyapunov_tail_mean": 3.1174929041172543,
    "augmented_lyapunov_initial": null,
    "augmented_lyapunov_final": null,
    "augmented_lyapunov_drop_fraction": null,
    "augmented_lyapunov_positive_step_count": 0.0,
    "augmented_lyapunov_max_positive_step": 0.0,
    "final_inertia_hat": [
      5.0,
      3.0,
      2.0
    ],
    "final_damping_hat": [
      2.0,
      2.0,
      2.0
    ],
    "final_bias_hat": [
      0.0,
      0.0,
      0.0
    ],
    "final_inertia_error_norm": 15.066519173319364,
    "final_damping_error_norm": 15.7797338380595,
    "final_bias_error_norm": 33.54101966249684
  },
  "plain_pd": {
    "final_target_error_px": 212.92011869320976,
    "mean_target_error_px": 161.2096909546095,
    "tail_mean_target_error_px": 152.0197996125059,
    "tail_max_target_error_px": 236.86146662379502,
    "max_target_error_px": 312.03796346567833,
    "tail_success_fraction": 0.044,
    "min_clearance_px": 1000000.0,
    "collision_count": 0.0,
    "saturation_fraction": 0.0,
    "final_q_error_norm_rad": 3.1658607024172016,
    "tail_mean_q_error_norm_rad": 3.1958129532868726,
    "final_sliding_norm": 3.8586182139998995,
    "tail_mean_sliding_norm": 2.8902763471783217,
    "max_sliding_norm": 4.111391721521285,
    "rms_torque": 13.79892354075613,
    "rms_external_torque": 34.745515735840456,
    "max_external_torque": 44.517735176988666,
    "tracking_lyapunov_initial": 0.0,
    "tracking_lyapunov_final": 12.455804254260656,
    "tracking_lyapunov_tail_mean": 9.652894076996656,
    "augmented_lyapunov_initial": null,
    "augmented_lyapunov_final": null,
    "augmented_lyapunov_drop_fraction": null,
    "augmented_lyapunov_positive_step_count": 0.0,
    "augmented_lyapunov_max_positive_step": 0.0,
    "final_inertia_hat": null,
    "final_damping_hat": null,
    "final_bias_hat": null,
    "final_inertia_error_norm": null,
    "final_damping_error_norm": null,
    "final_bias_error_norm": null
  }
}