{
  "adaptive": {
    "final_target_error_px": 3.644669500769178,
    "mean_target_error_px": 33.233814009378555,
    "tail_mean_target_error_px": 3.9688983001188674,
    "tail_max_target_error_px": 4.644963886804465,
    "max_target_error_px": 375.6753771745763,
    "tail_success_fraction": 1.0,
    "min_clearance_px": 62.877544185806855,
    "collision_count": 0.0,
    "saturation_fraction": 0.0433188937020993,
    "final_q_error_norm_rad": 0.05201990950580825,
    "tail_mean_q_error_norm_rad": 0.04580169372842118,
    "final_sliding_norm": 0.08777504726212645,
    "tail_mean_sliding_norm": 0.08232803639182137,
    "max_sliding_norm": 4.621241062133555,
    "rms_torque": 12.338165320061794,
    "rms_external_torque": 10.770329614269007,
    "max_external_torque": 10.770329614269007,
    "tracking_lyapunov_initial": 0.0,
    "tracking_lyapunov_final": 0.0013973608442685694,
    "tracking_lyapunov_tail_mean": 0.0012702142623935695,
    "augmented_lyapunov_initial": 274.1270562770563,
    "augmented_lyapunov_final": 88.47911725144046,
    "augmented_lyapunov_drop_fraction": 0.6772331835715775,
    "augmented_lyapunov_positive_step_count": 45.0,
    "augmented_lyapunov_max_positive_step": 0.5961021700879883,
    "final_inertia_hat": [
      6.262377720716587,
      6.98987437508662,
      3.08103895777132
    ],
    "final_damping_hat": [
      6.8831418937333915,
      3.853039563046782,
      0.9604476171547366
    ],
    "final_bias_hat": [
      8.570817528058644,
      -6.1758341455739165,
      4.0505035513040495
    ],
    "final_inertia_error_norm": 12.268457300348805,
    "final_damping_error_norm": 10.90170547012811,
    "final_bias_error_norm": 0.5994171383794517
  },
  "fixed_lyapunov": {
    "final_target_error_px": 74.89288110953845,
    "mean_target_error_px": 88.8292232563213,
    "tail_mean_target_error_px": 67.3218021591187,
    "tail_max_target_error_px": 74.89288110953845,
    "max_target_error_px": 375.6753771745763,
    "tail_success_fraction": 0.0,
    "min_clearance_px": 42.292414573672346,
    "collision_count": 0.0,
    "saturation_fraction": 0.02999000333222259,
    "final_q_error_norm_rad": 1.055087803386844,
    "tail_mean_q_error_norm_rad": 0.9251334730223334,
    "final_sliding_norm": 1.9159238862810726,
    "tail_mean_sliding_norm": 1.6886847612181286,
    "max_sliding_norm": 4.850718590056163,
    "rms_torque": 11.916791554484371,
    "rms_external_torque": 10.770329614269007,
    "max_external_torque": 10.770329614269007,
    "tracking_lyapunov_initial": 0.0,
    "tracking_lyapunov_final": 0.5568445534622776,
    "tracking_lyapunov_tail_mean": 0.43141636730853994,
    "augmented_lyapunov_initial": null,
    "augmented_lyapunov_final": null,
    "augmented_lyapunov_drop_fraction": null,
    "augmented_lyapunov_positive_step_count": 0.0,
    "augmented_lyapunov_max_positive_step": 0.0,
    "final_inertia_hat": [
      1.0,
      0.8,
      0.5
    ],
    "final_damping_hat": [
      0.1,
      0.1,
      0.1
    ],
    "final_bias_hat": [
      0.0,
      0.0,
      0.0
    ],
    "final_inertia_error_norm": 19.84666218788439,
    "final_damping_error_norm": 18.63410851100744,
    "final_bias_error_norm": 10.770329614269007
  },
  "plain_pd": {
    "final_target_error_px": 175.4349202334827,
    "mean_target_error_px": 183.32107729865666,
    "tail_mean_target_error_px": 162.43280056193086,
    "tail_max_target_error_px": 175.4349202334827,
    "max_target_error_px": 375.6753771745763,
    "tail_success_fraction": 0.0,
    "min_clearance_px": 54.814495997436865,
    "collision_count": 0.0,
    "saturation_fraction": 0.0,
    "final_q_error_norm_rad": 2.741681511636133,
    "tail_mean_q_error_norm_rad": 2.4046870231578397,
    "final_sliding_norm": 0.0754475448851092,
    "tail_mean_sliding_norm": 0.06801268596856212,
    "max_sliding_norm": 2.8813958814626095,
    "rms_torque": 11.134338249176535,
    "rms_external_torque": 10.770329614269007,
    "max_external_torque": 10.770329614269007,
    "tracking_lyapunov_initial": 0.0,
    "tracking_lyapunov_final": 3.7612549216382907,
    "tracking_lyapunov_tail_mean": 2.908780841223959,
    "augmented_lyapunov_initial": null,
    "augmented_lyapunov_final": null,
    "augmented_lyapunov_drop_fraction": null,
    "augmented_lyapunov_positive_step_count": 0.0,
    "augmented_lyapunov_max_positive_step": 0.0,
    "final_inertia_hat": null,
    "final_damping_hat": null,
    "final_bias_hat": null,
    "final_inertia_error_norm": null,
    "final_damping_error_norm": null,
    "final_bias_error_norm": null
  }
}