{
  "adaptive": {
    "final_target_error_px": 5.601346535905961,
    "mean_target_error_px": 24.797830140156595,
    "tail_mean_target_error_px": 4.635926363969087,
    "tail_max_target_error_px": 7.904651595662735,
    "max_target_error_px": 375.6682762612714,
    "tail_success_fraction": 1.0,
    "min_clearance_px": 28.685924043567248,
    "collision_count": 0.0,
    "saturation_fraction": 0.03632122625791403,
    "final_q_error_norm_rad": 0.06588924183590483,
    "tail_mean_q_error_norm_rad": 0.05342857235574719,
    "rms_torque": 5.213189171943019
  },
  "fixed_lyapunov": {
    "final_target_error_px": 7.191914319967124,
    "mean_target_error_px": 25.917904378581603,
    "tail_mean_target_error_px": 6.300155081552996,
    "tail_max_target_error_px": 9.204033952086663,
    "max_target_error_px": 375.6682762612714,
    "tail_success_fraction": 1.0,
    "min_clearance_px": 63.028311109513936,
    "collision_count": 0.0,
    "saturation_fraction": 0.0003332222592469177,
    "final_q_error_norm_rad": 0.10492144649229296,
    "tail_mean_q_error_norm_rad": 0.09113278117400533,
    "rms_torque": 4.876258559302465
  },
  "plain_pd": {
    "final_target_error_px": 13.111867410642299,
    "mean_target_error_px": 42.82850430986448,
    "tail_mean_target_error_px": 13.506659750351439,
    "tail_max_target_error_px": 19.316681128561562,
    "max_target_error_px": 375.6740002862216,
    "tail_success_fraction": 1.0,
    "min_clearance_px": 28.187277218375456,
    "collision_count": 0.0,
    "saturation_fraction": 0.0,
    "final_q_error_norm_rad": 0.1897492676207291,
    "tail_mean_q_error_norm_rad": 0.24024865956554567,
    "rms_torque": 2.790157195232005
  }
}