{
  "adaptive": {
    "final_target_error_px": 228.31699116497964,
    "mean_target_error_px": 181.44463584966348,
    "tail_mean_target_error_px": 157.9774664579073,
    "tail_max_target_error_px": 316.47946734801553,
    "max_target_error_px": 341.91118940899906,
    "tail_success_fraction": 0.0,
    "min_clearance_px": 1000000.0,
    "collision_count": 0.0,
    "saturation_fraction": 0.943342776203966,
    "final_q_error_norm_rad": 3.785882288213658,
    "tail_mean_q_error_norm_rad": 3.0173960249141984,
    "final_sliding_norm": 8.402791781887544,
    "tail_mean_sliding_norm": 10.325862618765553,
    "max_sliding_norm": 22.4307534446335,
    "rms_torque": 84.68114842264295,
    "rms_external_torque": 34.745515735840456,
    "max_external_torque": 44.517735176988666,
    "tracking_lyapunov_initial": 0.0,
    "tracking_lyapunov_final": 8.082570282124417,
    "tracking_lyapunov_tail_mean": 38.8556382639066,
    "augmented_lyapunov_initial": 384.24242424242425,
    "augmented_lyapunov_final": 1289.733643658024,
    "augmented_lyapunov_drop_fraction": -2.356562321822933,
    "augmented_lyapunov_positive_step_count": 2450.0,
    "augmented_lyapunov_max_positive_step": 1250.8201233847117,
    "final_inertia_hat": [
      29.924064046494582,
      30.0,
      30.0
    ],
    "final_damping_hat": [
      0.11298096542732798,
      0.0,
      0.0
    ],
    "final_bias_hat": [
      -12.098813497320485,
      -15.0,
      15.0
    ],
    "final_inertia_error_norm": 34.1640645032892,
    "final_damping_error_norm": 18.692174132638353,
    "final_bias_error_norm": 37.766677943776955
  },
  "fixed_lyapunov": {
    "final_target_error_px": 227.67653216027009,
    "mean_target_error_px": 176.47311362581777,
    "tail_mean_target_error_px": 159.33523605968486,
    "tail_max_target_error_px": 251.4220883708326,
    "max_target_error_px": 326.994187664364,
    "tail_success_fraction": 0.0,
    "min_clearance_px": 1000000.0,
    "collision_count": 0.0,
    "saturation_fraction": 0.002666222296283953,
    "final_q_error_norm_rad": 2.839061375426131,
    "tail_mean_q_error_norm_rad": 2.5844915208152153,
    "final_sliding_norm": 5.858950612101878,
    "tail_mean_sliding_norm": 4.770467554466104,
    "max_sliding_norm": 7.209084782783061,
    "rms_torque": 36.889068710859064,
    "rms_external_torque": 34.745515735840456,
    "max_external_torque": 44.517735176988666,
    "tracking_lyapunov_initial": 0.0,
    "tracking_lyapunov_final": 4.79515525133283,
    "tracking_lyapunov_tail_mean": 4.489385856403331,
    "augmented_lyapunov_initial": null,
    "augmented_lyapunov_final": null,
    "augmented_lyapunov_drop_fraction": null,
    "augmented_lyapunov_positive_step_count": 0.0,
    "augmented_lyapunov_max_positive_step": 0.0,
    "final_inertia_hat": [
      5.0,
      3.0,
      2.0
    ],
    "final_damping_hat": [
      2.0,
      2.0,
      2.0
    ],
    "final_bias_hat": [
      0.0,
      0.0,
      0.0
    ],
    "final_inertia_error_norm": 15.066519173319364,
    "final_damping_error_norm": 15.7797338380595,
    "final_bias_error_norm": 33.54101966249684
  },
  "plain_pd": {
    "final_target_error_px": 110.48563456716167,
    "mean_target_error_px": 214.60180241675278,
    "tail_mean_target_error_px": 213.4820274703983,
    "tail_max_target_error_px": 356.3206232234028,
    "max_target_error_px": 356.87864295194197,
    "tail_success_fraction": 0.0,
    "min_clearance_px": 1000000.0,
    "collision_count": 0.0,
    "saturation_fraction": 0.0,
    "final_q_error_norm_rad": 2.9802877648512482,
    "tail_mean_q_error_norm_rad": 3.456686081660114,
    "final_sliding_norm": 20.10268102260047,
    "tail_mean_sliding_norm": 20.893333477269316,
    "max_sliding_norm": 22.994306767680662,
    "rms_torque": 31.773799331739774,
    "rms_external_torque": 34.745515735840456,
    "max_external_torque": 44.517735176988666,
    "tracking_lyapunov_initial": 0.0,
    "tracking_lyapunov_final": 206.49994972887163,
    "tracking_lyapunov_tail_mean": 224.90272449905612,
    "augmented_lyapunov_initial": null,
    "augmented_lyapunov_final": null,
    "augmented_lyapunov_drop_fraction": null,
    "augmented_lyapunov_positive_step_count": 0.0,
    "augmented_lyapunov_max_positive_step": 0.0,
    "final_inertia_hat": null,
    "final_damping_hat": null,
    "final_bias_hat": null,
    "final_inertia_error_norm": null,
    "final_damping_error_norm": null,
    "final_bias_error_norm": null
  }
}