{
  "adaptive": {
    "final_target_error_px": 52.92753231679487,
    "mean_target_error_px": 34.02598916879486,
    "tail_mean_target_error_px": 26.484119355294993,
    "tail_max_target_error_px": 66.5733084946789,
    "max_target_error_px": 312.03224650942207,
    "tail_success_fraction": 0.622,
    "min_clearance_px": 1000000.0,
    "collision_count": 0.0,
    "saturation_fraction": 0.016497250458256958,
    "final_q_error_norm_rad": 0.6299639525884854,
    "tail_mean_q_error_norm_rad": 0.6459505369281265,
    "final_sliding_norm": 1.4220138416094705,
    "tail_mean_sliding_norm": 1.3089032946820525,
    "max_sliding_norm": 3.7461649363875593,
    "rms_torque": 29.236147826098467,
    "rms_external_torque": 34.745515735840456,
    "max_external_torque": 44.517735176988666,
    "tracking_lyapunov_initial": 0.0,
    "tracking_lyapunov_final": 0.29995810648600296,
    "tracking_lyapunov_tail_mean": 0.24266105883122385,
    "augmented_lyapunov_initial": 384.24242424242425,
    "augmented_lyapunov_final": 90.90256164205938,
    "augmented_lyapunov_drop_fraction": 0.763423932635019,
    "augmented_lyapunov_positive_step_count": 2792.0,
    "augmented_lyapunov_max_positive_step": 0.3303211082019857,
    "final_inertia_hat": [
      9.767460442035189,
      11.61145188190041,
      5.27338087493704
    ],
    "final_damping_hat": [
      6.318387366419235,
      8.537400208429016,
      3.498033885663393
    ],
    "final_bias_hat": [
      12.635404447729274,
      -15.0,
      9.845817860697606
    ],
    "final_inertia_error_norm": 8.393224758334377,
    "final_damping_error_norm": 9.705647414460016,
    "final_bias_error_norm": 13.33817811034599
  },
  "fixed_lyapunov": {
    "final_target_error_px": 171.22223822903837,
    "mean_target_error_px": 132.26479439541833,
    "tail_mean_target_error_px": 124.13619301216794,
    "tail_max_target_error_px": 174.3189314339435,
    "max_target_error_px": 312.0335619755611,
    "tail_success_fraction": 0.0,
    "min_clearance_px": 1000000.0,
    "collision_count": 0.0,
    "saturation_fraction": 0.0,
    "final_q_error_norm_rad": 2.8225244396369145,
    "tail_mean_q_error_norm_rad": 2.3852616315302893,
    "final_sliding_norm": 5.51097127065404,
    "tail_mean_sliding_norm": 4.343871708427493,
    "max_sliding_norm": 5.752219331955193,
    "rms_torque": 26.410217920099637,
    "rms_external_torque": 34.745515735840456,
    "max_external_torque": 44.517735176988666,
    "tracking_lyapunov_initial": 0.0,
    "tracking_lyapunov_final": 4.149637238278385,
    "tracking_lyapunov_tail_mean": 3.1174929041172543,
    "augmented_lyapunov_initial": null,
    "augmented_lyapunov_final": null,
    "augmented_lyapunov_drop_fraction": null,
    "augmented_lyapunov_positive_step_count": 0.0,
    "augmented_lyapunov_max_positive_step": 0.0,
    "final_inertia_hat": [
      5.0,
      3.0,
      2.0
    ],
    "final_damping_hat": [
      2.0,
      2.0,
      2.0
    ],
    "final_bias_hat": [
      0.0,
      0.0,
      0.0
    ],
    "final_inertia_error_norm": 15.066519173319364,
    "final_damping_error_norm": 15.7797338380595,
    "final_bias_error_norm": 33.54101966249684
  },
  "plain_pd": {
    "final_target_error_px": 212.92011869320976,
    "mean_target_error_px": 161.2096909546095,
    "tail_mean_target_error_px": 152.0197996125059,
    "tail_max_target_error_px": 236.86146662379502,
    "max_target_error_px": 312.03796346567833,
    "tail_success_fraction": 0.044,
    "min_clearance_px": 1000000.0,
    "collision_count": 0.0,
    "saturation_fraction": 0.0,
    "final_q_error_norm_rad": 3.1658607024172016,
    "tail_mean_q_error_norm_rad": 3.1958129532868726,
    "final_sliding_norm": 3.8586182139998995,
    "tail_mean_sliding_norm": 2.8902763471783217,
    "max_sliding_norm": 4.111391721521285,
    "rms_torque": 13.79892354075613,
    "rms_external_torque": 34.745515735840456,
    "max_external_torque": 44.517735176988666,
    "tracking_lyapunov_initial": 0.0,
    "tracking_lyapunov_final": 12.455804254260656,
    "tracking_lyapunov_tail_mean": 9.652894076996656,
    "augmented_lyapunov_initial": null,
    "augmented_lyapunov_final": null,
    "augmented_lyapunov_drop_fraction": null,
    "augmented_lyapunov_positive_step_count": 0.0,
    "augmented_lyapunov_max_positive_step": 0.0,
    "final_inertia_hat": null,
    "final_damping_hat": null,
    "final_bias_hat": null,
    "final_inertia_error_norm": null,
    "final_damping_error_norm": null,
    "final_bias_error_norm": null
  }
}