{
  "adaptive": {
    "final_target_error_px": 52.92753231679487,
    "mean_target_error_px": 34.025989168794865,
    "tail_mean_target_error_px": 26.484119355294933,
    "tail_max_target_error_px": 66.57330849467894,
    "max_target_error_px": 312.03224650942207,
    "tail_success_fraction": 0.622,
    "min_clearance_px": 1000000.0,
    "collision_count": 0.0,
    "saturation_fraction": 0.016497250458256958,
    "final_q_error_norm_rad": 0.6299639525884841,
    "tail_mean_q_error_norm_rad": 0.6459505369281273,
    "final_sliding_norm": 1.4220138416094679,
    "tail_mean_sliding_norm": 1.308903294682054,
    "max_sliding_norm": 3.7461649363875584,
    "rms_torque": 29.236147826098474,
    "rms_external_torque": 34.745515735840456,
    "max_external_torque": 44.517735176988666,
    "tracking_lyapunov_initial": 0.0,
    "tracking_lyapunov_final": 0.29995810648600185,
    "tracking_lyapunov_tail_mean": 0.24266105883122435,
    "augmented_lyapunov_initial": 384.24242424242425,
    "augmented_lyapunov_final": 90.90256164205938,
    "augmented_lyapunov_drop_fraction": 0.763423932635019,
    "augmented_lyapunov_positive_step_count": 2792.0,
    "augmented_lyapunov_max_positive_step": 0.3303211082019857,
    "final_inertia_hat": [
      9.767460442035196,
      11.611451881900424,
      5.2733808749370334
    ],
    "final_damping_hat": [
      6.318387366419231,
      8.53740020842901,
      3.4980338856634017
    ],
    "final_bias_hat": [
      12.635404447729261,
      -15.0,
      9.84581786069762
    ],
    "final_inertia_error_norm": 8.393224758334373,
    "final_damping_error_norm": 9.70564741446002,
    "final_bias_error_norm": 13.338178110346
  },
  "fixed_lyapunov": {
    "final_target_error_px": 171.2222382290383,
    "mean_target_error_px": 132.2647943954183,
    "tail_mean_target_error_px": 124.13619301216784,
    "tail_max_target_error_px": 174.31893143394345,
    "max_target_error_px": 312.0335619755611,
    "tail_success_fraction": 0.0,
    "min_clearance_px": 1000000.0,
    "collision_count": 0.0,
    "saturation_fraction": 0.0,
    "final_q_error_norm_rad": 2.822524439636915,
    "tail_mean_q_error_norm_rad": 2.3852616315302897,
    "final_sliding_norm": 5.510971270654039,
    "tail_mean_sliding_norm": 4.343871708427493,
    "max_sliding_norm": 5.75221933195519,
    "rms_torque": 26.410217920099637,
    "rms_external_torque": 34.745515735840456,
    "max_external_torque": 44.517735176988666,
    "tracking_lyapunov_initial": 0.0,
    "tracking_lyapunov_final": 4.149637238278387,
    "tracking_lyapunov_tail_mean": 3.1174929041172543,
    "augmented_lyapunov_initial": null,
    "augmented_lyapunov_final": null,
    "augmented_lyapunov_drop_fraction": null,
    "augmented_lyapunov_positive_step_count": 0.0,
    "augmented_lyapunov_max_positive_step": 0.0,
    "final_inertia_hat": [
      5.0,
      3.0,
      2.0
    ],
    "final_damping_hat": [
      2.0,
      2.0,
      2.0
    ],
    "final_bias_hat": [
      0.0,
      0.0,
      0.0
    ],
    "final_inertia_error_norm": 15.066519173319364,
    "final_damping_error_norm": 15.7797338380595,
    "final_bias_error_norm": 33.54101966249684
  },
  "plain_pd": {
    "final_target_error_px": 212.9201186932097,
    "mean_target_error_px": 161.2096909546095,
    "tail_mean_target_error_px": 152.01979961250592,
    "tail_max_target_error_px": 236.86146662379537,
    "max_target_error_px": 312.03796346567833,
    "tail_success_fraction": 0.044,
    "min_clearance_px": 1000000.0,
    "collision_count": 0.0,
    "saturation_fraction": 0.0,
    "final_q_error_norm_rad": 3.165860702417203,
    "tail_mean_q_error_norm_rad": 3.1958129532868718,
    "final_sliding_norm": 3.8586182139998995,
    "tail_mean_sliding_norm": 2.8902763471783213,
    "max_sliding_norm": 4.111391721521287,
    "rms_torque": 13.79892354075613,
    "rms_external_torque": 34.745515735840456,
    "max_external_torque": 44.517735176988666,
    "tracking_lyapunov_initial": 0.0,
    "tracking_lyapunov_final": 12.45580425426066,
    "tracking_lyapunov_tail_mean": 9.652894076996652,
    "augmented_lyapunov_initial": null,
    "augmented_lyapunov_final": null,
    "augmented_lyapunov_drop_fraction": null,
    "augmented_lyapunov_positive_step_count": 0.0,
    "augmented_lyapunov_max_positive_step": 0.0,
    "final_inertia_hat": null,
    "final_damping_hat": null,
    "final_bias_hat": null,
    "final_inertia_error_norm": null,
    "final_damping_error_norm": null,
    "final_bias_error_norm": null
  }
}